Title,Price,Time Left,Link
Engineer for High-Demand Online Booking Optimization,$2968,6 days,https://www.freelancer.com/projects/web-development/engineer-for-high-demand-online
Betfair API Data Retrieval (AU/UK),$2092,6 days,https://www.freelancer.com/projects/api-developmet/betfair-api-data-retrieval
Browser Automation Expert for Appointment Scheduling System,"$1,500",6 days,https://www.freelancer.com/projects/automation/browser-automation-expert-for
Automatisation with agent ai and n8n,$567,5 days,https://www.freelancer.com/projects/cms/automatisation-with-agent
AI Compliance SaaS Development,$518,6 days,https://www.freelancer.com/projects/ai-development/compliance-saas-development
Daily Car Dealer Data Extraction,$452,6 days,https://www.freelancer.com/projects/api-integration/daily-car-dealer-data-extraction
Home Decor Business List in Florida -- 2,$395,6 days,https://www.freelancer.com/projects/data-entry/home-decor-business-list-florida
Excel Data Management & Email Harvesting,$238,6 days,https://www.freelancer.com/projects/data-management/excel-data-management-email-harvesting
"Flutter App Update â€“ Firebase Sync, RevenueCat Fix, UX Impro",$145,6 days,https://www.freelancer.com/projects/flutter/flutter-app-update-firebase-sync
Web Developer Needed for Sports Odds Data Extraction & Excel,$144,4 days,https://www.freelancer.com/projects/selenium/web-developer-needed-for-sports
UK Real Estate Ahrefs/Semrush Domains export,$143,6 days,https://www.freelancer.com/projects/web-scraping/real-estate-ahrefs-semrush-domains
Build Separate Web Scraping Tools for Multiple Public Sites ,$142,6 days,https://www.freelancer.com/projects/data-extraction/build-separate-web-scraping-tools-40209152
DRM-Protected Video download,$130,6 days,https://www.freelancer.com/projects/software-development/drm-protected-video-download
Shopify B2B Data Migration,$130,4 days,https://www.freelancer.com/projects/shopify-site/shopify-data-migration-40205101
Python Web Scraping Trial Task,$127,6 days,https://www.freelancer.com/projects/beautifulsoup/python-web-scraping-trial-task
Website Location Data Scraping,$120,5 days,https://www.freelancer.com/projects/data-scraping/website-location-data-scraping
Retrieve Pre-Scraped Data Sets,$118,4 days,https://www.freelancer.com/projects/data-collection/retrieve-pre-scraped-data-sets
B2B Lead Research & Email List Building,$91,6 days,https://www.freelancer.com/projects/data-collection/lead-research-email-list-building
Apify Scraping Actor Development,$83,5 days,https://www.freelancer.com/projects/api-developmet/apify-scraping-actor-development
